ID,Form_ID,Cognateset_ID,Segment_Slice,Alignment,Source
,1,1,,,
,2,1,,,
,3,1,,,
,4,1,,,
,5,1,,,
,6,1,,,
,7,1,,,
,8,1,,,
,9,1,,,
,10,1,,,
,11,11,,,
,12,11,,,
,13,11,,,
,14,14,,,
,15,14,,,
,16,14,,,
,17,14,,,
,18,14,,,
,19,14,,,
,20,14,,,
,21,14,,,
,22,14,,,
,23,14,,,
,24,14,,,
,25,14,,,
,26,14,,,
,27,14,,,
,28,14,,,
,29,14,,,
,30,14,,,
,31,14,,,
,32,14,,,
,33,14,,,
,34,14,,,
,35,14,,,
,36,36,,,
,37,36,,,
,38,36,,,
,39,36,,,
,40,36,,,
,41,36,,,
,42,36,,,
,43,43,,,
,44,43,,,
,45,43,,,
,46,43,,,
,47,43,,,
,48,48,,,
,49,48,,,
,50,48,,,
,51,48,,,
,52,48,,,
,53,48,,,
,54,48,,,
,55,48,,,
,56,48,,,
,57,48,,,
,58,48,,,
,59,48,,,
,60,48,,,
,61,48,,,
,62,48,,,
,63,48,,,
,64,48,,,
,65,48,,,
,66,48,,,
,67,48,,,
,68,48,,,
,69,69,,,
,70,69,,,
,71,69,,,
,72,69,,,
,73,69,,,
,74,69,,,
,75,69,,,
,76,69,,,
,77,69,,,
,78,69,,,
,79,69,,,
,80,69,,,
,81,69,,,
,82,69,,,
,83,69,,,
,84,69,,,
,85,69,,,
,86,69,,,
,87,69,,,
,88,69,,,
,89,69,,,
,90,69,,,
,91,69,,,
,92,92,,,
,93,92,,,
,94,92,,,
,95,92,,,
,96,92,,,
,97,92,,,
,98,92,,,
,99,92,,,
,100,92,,,
,101,92,,,
,102,92,,,
,103,92,,,
,104,92,,,
,105,92,,,
,106,106,,,
,107,106,,,
,108,106,,,
,109,106,,,
,110,106,,,
,111,106,,,
,112,106,,,
,113,113,,,
,114,113,,,
,115,113,,,
,116,113,,,
,117,113,,,
,118,113,,,
,119,113,,,
,120,113,,,
,121,113,,,
,122,113,,,
,123,113,,,
,124,113,,,
,125,113,,,
,126,113,,,
,127,113,,,
,128,113,,,
,129,113,,,
,130,113,,,
,131,113,,,
,132,113,,,
,133,113,,,
,134,134,,,
,135,134,,,
,136,134,,,
,137,134,,,
,138,134,,,
,139,134,,,
,140,134,,,
,141,134,,,
,142,134,,,
,143,134,,,
,144,134,,,
,145,134,,,
,146,134,,,
,147,147,,,
,148,147,,,
,149,147,,,
,150,147,,,
,151,147,,,
,152,147,,,
,153,147,,,
,154,147,,,
,155,155,,,
,156,155,,,
,157,155,,,
,158,155,,,
,159,155,,,
,160,155,,,
,161,155,,,
,162,155,,,
,163,155,,,
,164,155,,,
,165,165,,,
,166,165,,,
,167,165,,,
,168,165,,,
,169,165,,,
,170,165,,,
,171,171,,,
,172,171,,,
,173,171,,,
,174,171,,,
,175,171,,,
,176,171,,,
,177,171,,,
,178,171,,,
,179,171,,,
,180,171,,,
,181,171,,,
,182,171,,,
,183,171,,,
,184,171,,,
,185,171,,,
,186,171,,,
,187,171,,,
,188,171,,,
,189,171,,,
,190,171,,,
,191,171,,,
,192,171,,,
,193,171,,,
,194,171,,,
,195,171,,,
,196,171,,,
,197,171,,,
,198,171,,,
,199,171,,,
,200,171,,,
,201,171,,,
,202,171,,,
,203,171,,,
,204,171,,,
,205,205,,,
,206,205,,,
,207,205,,,
,208,205,,,
,209,205,,,
,210,205,,,
,211,205,,,
,212,205,,,
,213,205,,,
,214,205,,,
,215,205,,,
,216,205,,,
,217,205,,,
,218,205,,,
,219,205,,,
,220,205,,,
,221,205,,,
,222,205,,,
,223,223,,,
,224,223,,,
,225,223,,,
,226,223,,,
,227,223,,,
,228,223,,,
,229,229,,,
,230,229,,,
,231,229,,,
,232,229,,,
,233,229,,,
,234,229,,,
,235,229,,,
,236,229,,,
,237,229,,,
,238,229,,,
,239,229,,,
,240,229,,,
,241,229,,,
,242,229,,,
,243,229,,,
,244,229,,,
,245,229,,,
,246,229,,,
,247,247,,,
,248,247,,,
,249,247,,,
,250,247,,,
,251,247,,,
,252,247,,,
,253,247,,,
,254,247,,,
,255,247,,,
,256,247,,,
,257,247,,,
,258,247,,,
,259,247,,,
,260,247,,,
,261,247,,,
,262,247,,,
,263,263,,,
,264,263,,,
,265,263,,,
,266,263,,,
,267,263,,,
,268,263,,,
,269,263,,,
,270,263,,,
,271,263,,,
,272,263,,,
,273,263,,,
,274,263,,,
,275,263,,,
,276,263,,,
,277,263,,,
,278,263,,,
,279,263,,,
,280,263,,,
,281,281,,,
,282,281,,,
,283,281,,,
,284,281,,,
,285,281,,,
,286,281,,,
,287,281,,,
,288,281,,,
,289,281,,,
,290,281,,,
,291,281,,,
,292,281,,,
,293,281,,,
,294,281,,,
,295,281,,,
,296,296,,,
,297,296,,,
,298,296,,,
,299,296,,,
,300,300,,,
,301,300,,,
,302,300,,,
,303,300,,,
,304,300,,,
,305,300,,,
,306,300,,,
,307,300,,,
,308,300,,,
,309,300,,,
,310,310,,,
,311,310,,,
,312,310,,,
,313,310,,,
,314,310,,,
,315,310,,,
,316,316,,,
,317,316,,,
,318,316,,,
,319,316,,,
,320,316,,,
,321,321,,,
,322,321,,,
,323,321,,,
,324,321,,,
,325,321,,,
,326,321,,,
,327,321,,,
,328,321,,,
,329,321,,,
,330,321,,,
,331,321,,,
,332,332,,,
,333,332,,,
,334,332,,,
,335,332,,,
,336,332,,,
,337,332,,,
,338,332,,,
,339,332,,,
,340,332,,,
,341,332,,,
,342,332,,,
,343,332,,,
,344,332,,,
,345,332,,,
,346,332,,,
,347,332,,,
,348,332,,,
,349,332,,,
,350,332,,,
,351,332,,,
,352,332,,,
,353,353,,,
,354,353,,,
,355,353,,,
,356,353,,,
,357,353,,,
,358,353,,,
,359,353,,,
,360,353,,,
,361,353,,,
,362,353,,,
,363,353,,,
,364,353,,,
,365,353,,,
,366,353,,,
,367,353,,,
,368,353,,,
,369,353,,,
,370,353,,,
,371,353,,,
,372,353,,,
,373,373,,,
,374,373,,,
,375,373,,,
,376,373,,,
,377,373,,,
,378,373,,,
,379,373,,,
,380,373,,,
,381,381,,,
,382,381,,,
,383,381,,,
,384,381,,,
,385,381,,,
,386,381,,,
,387,381,,,
,388,381,,,
,389,381,,,
,390,390,,,
,391,390,,,
,392,390,,,
,393,390,,,
,394,390,,,
,395,390,,,
,396,390,,,
,397,390,,,
,398,390,,,
,399,390,,,
,400,400,,,
,401,400,,,
,402,400,,,
,403,400,,,
,404,404,,,
,405,404,,,
,406,404,,,
,407,404,,,
,408,404,,,
,409,404,,,
,410,404,,,
,411,404,,,
,412,404,,,
,413,404,,,
,414,414,,,
,415,414,,,
,416,414,,,
,417,414,,,
,418,414,,,
,419,414,,,
,420,414,,,
,421,414,,,
,422,414,,,
,423,414,,,
,424,414,,,
,425,414,,,
,426,414,,,
,427,414,,,
,428,414,,,
,429,414,,,
,430,414,,,
,431,414,,,
,432,414,,,
,433,414,,,
,434,414,,,
,435,414,,,
,436,414,,,
,437,414,,,
,438,414,,,
,439,414,,,
,440,414,,,
,441,414,,,
,442,414,,,
,443,414,,,
,444,414,,,
,445,414,,,
,446,446,,,
,447,446,,,
,448,446,,,
,449,446,,,
,450,446,,,
,451,446,,,
,452,446,,,
,453,446,,,
,454,446,,,
,455,446,,,
,456,446,,,
,457,446,,,
,458,458,,,
,459,458,,,
,460,458,,,
,461,458,,,
,462,458,,,
,463,458,,,
,464,458,,,
,465,465,,,
,466,465,,,
,467,465,,,
,468,465,,,
,469,465,,,
,470,465,,,
,471,465,,,
,472,465,,,
,473,465,,,
,474,465,,,
,475,475,,,
,476,475,,,
,477,475,,,
,478,475,,,
,479,475,,,
,480,475,,,
,481,475,,,
,482,475,,,
,483,475,,,
,484,475,,,
,485,475,,,
,486,475,,,
,487,475,,,
,488,475,,,
,489,475,,,
,490,475,,,
,491,475,,,
,492,475,,,
,493,475,,,
,494,475,,,
,495,475,,,
,496,475,,,
,497,475,,,
,498,475,,,
,499,475,,,
,500,500,,,
,501,500,,,
,502,500,,,
,503,500,,,
,504,500,,,
,505,500,,,
,506,500,,,
,507,500,,,
,508,500,,,
,509,500,,,
,510,500,,,
,511,500,,,
,512,500,,,
,513,500,,,
,514,500,,,
,515,500,,,
,516,516,,,
,517,517,,,
,518,517,,,
,519,517,,,
,520,517,,,
,521,517,,,
,522,517,,,
,523,517,,,
,524,517,,,
,525,517,,,
,526,517,,,
,527,517,,,
,528,517,,,
,529,517,,,
,530,517,,,
,531,517,,,
,532,517,,,
,533,517,,,
,534,517,,,
,535,517,,,
,536,517,,,
,537,517,,,
,538,517,,,
,539,517,,,
,540,517,,,
,541,517,,,
,542,542,,,
,543,542,,,
,544,542,,,
,545,542,,,
,546,542,,,
,547,542,,,
,548,542,,,
,549,542,,,
,550,542,,,
,551,542,,,
,552,542,,,
,553,542,,,
,554,542,,,
,555,542,,,
,556,542,,,
,557,557,,,
,558,557,,,
,559,557,,,
,560,557,,,
,561,557,,,
,562,557,,,
,563,557,,,
,564,557,,,
,565,557,,,
,566,557,,,
,567,557,,,
,568,557,,,
,569,557,,,
,570,557,,,
,571,557,,,
,572,557,,,
,573,557,,,
,574,557,,,
,575,557,,,
,576,557,,,
,577,557,,,
,578,557,,,
,579,557,,,
,580,557,,,
,581,557,,,
,582,582,,,
,583,582,,,
,584,582,,,
,585,582,,,
,586,582,,,
,587,587,,,
,588,587,,,
,589,587,,,
,590,587,,,
,591,587,,,
,592,587,,,
,593,587,,,
,594,594,,,
,595,594,,,
,596,594,,,
,597,594,,,
,598,594,,,
,599,594,,,
,600,594,,,
,601,594,,,
,602,594,,,
,603,594,,,
,604,594,,,
,605,594,,,
,606,594,,,
,607,594,,,
,608,608,,,
,609,609,,,
,610,609,,,
,611,609,,,
,612,609,,,
,613,609,,,
,614,609,,,
,615,609,,,
,616,609,,,
,617,609,,,
,618,609,,,
,619,609,,,
,620,609,,,
,621,609,,,
,622,609,,,
,623,609,,,
,624,609,,,
,625,609,,,
,626,626,,,
,627,626,,,
,628,626,,,
,629,626,,,
,630,626,,,
,631,626,,,
,632,626,,,
,633,626,,,
,634,626,,,
,635,626,,,
,636,626,,,
,637,626,,,
,638,626,,,
,639,626,,,
,640,626,,,
,641,626,,,
,642,642,,,
,643,642,,,
,644,642,,,
,645,642,,,
,646,642,,,
,647,642,,,
,648,642,,,
,649,642,,,
,650,642,,,
,651,642,,,
,652,642,,,
,653,642,,,
,654,642,,,
,655,642,,,
,656,642,,,
,657,642,,,
,658,642,,,
,659,659,,,
,660,659,,,
,661,659,,,
,662,659,,,
,663,659,,,
,664,659,,,
,665,659,,,
,666,659,,,
,667,659,,,
,668,659,,,
,669,659,,,
,670,659,,,
,671,659,,,
,672,659,,,
,673,659,,,
,674,659,,,
,675,659,,,
,676,659,,,
,677,659,,,
,678,659,,,
,679,659,,,
,680,659,,,
,681,659,,,
,682,659,,,
,683,659,,,
,684,659,,,
,685,659,,,
,686,659,,,
,687,659,,,
,688,659,,,
,689,659,,,
,690,659,,,
,691,659,,,
,692,692,,,
,693,692,,,
,694,692,,,
,695,692,,,
,696,692,,,
,697,692,,,
,698,692,,,
,699,692,,,
,700,692,,,
,701,692,,,
,702,692,,,
,703,703,,,
,704,703,,,
,705,703,,,
,706,703,,,
,707,703,,,
,708,708,,,
,709,708,,,
,710,708,,,
,711,708,,,
,712,708,,,
,713,708,,,
,714,708,,,
,715,708,,,
,716,708,,,
,717,708,,,
,718,708,,,
,719,708,,,
,720,708,,,
,721,708,,,
,722,708,,,
,723,708,,,
,724,708,,,
,725,708,,,
,726,708,,,
,727,708,,,
,728,708,,,
,729,729,,,
,730,729,,,
,731,729,,,
,732,729,,,
,733,729,,,
,734,729,,,
,735,729,,,
,736,729,,,
,737,729,,,
,738,729,,,
,739,729,,,
,740,729,,,
,741,729,,,
,742,729,,,
,743,729,,,
,744,744,,,
,745,744,,,
,746,744,,,
,747,744,,,
,748,744,,,
,749,744,,,
,750,744,,,
,751,744,,,
,752,752,,,
,753,752,,,
,754,752,,,
,755,752,,,
,756,752,,,
,757,752,,,
,758,752,,,
,759,752,,,
,760,752,,,
,761,752,,,
,762,752,,,
,763,752,,,
,764,752,,,
,765,752,,,
,766,752,,,
,767,752,,,
,768,752,,,
,769,752,,,
,770,752,,,
,771,752,,,
,772,752,,,
,773,752,,,
,774,752,,,
,775,752,,,
,776,752,,,
,777,752,,,
,778,752,,,
,779,752,,,
,780,752,,,
,781,752,,,
,782,752,,,
,783,752,,,
,784,752,,,
,785,752,,,
,786,752,,,
,787,752,,,
,788,752,,,
,789,752,,,
,790,752,,,
,791,752,,,
,792,752,,,
,793,752,,,
,794,752,,,
,795,752,,,
,796,796,,,
,797,796,,,
,798,796,,,
,799,796,,,
,800,796,,,
,801,796,,,
,802,796,,,
,803,796,,,
,804,796,,,
,805,796,,,
,806,796,,,
,807,796,,,
,808,796,,,
,809,796,,,
,810,796,,,
,811,796,,,
,812,796,,,
,813,796,,,
,814,814,,,
,815,815,,,
,816,815,,,
,817,815,,,
,818,815,,,
,819,815,,,
,820,815,,,
,821,815,,,
,822,815,,,
,823,815,,,
,824,815,,,
,825,815,,,
,826,815,,,
,827,815,,,
,828,815,,,
,829,829,,,
,830,829,,,
,831,829,,,
,832,829,,,
,833,829,,,
,834,829,,,
,835,829,,,
,836,829,,,
,837,829,,,
,838,829,,,
,839,829,,,
,840,829,,,
,841,829,,,
,842,842,,,
,843,842,,,
,844,842,,,
,845,842,,,
,846,842,,,
,847,842,,,
,848,842,,,
,849,842,,,
,850,842,,,
,851,842,,,
,852,842,,,
,853,842,,,
,854,842,,,
,855,842,,,
,856,842,,,
,857,842,,,
,858,842,,,
,859,842,,,
,860,842,,,
,861,842,,,
,862,842,,,
,863,842,,,
,864,842,,,
,865,842,,,
,866,842,,,
,867,842,,,
,868,842,,,
,869,842,,,
,870,842,,,
,871,871,,,
,872,871,,,
,873,871,,,
,874,871,,,
,875,871,,,
,876,871,,,
,877,877,,,
,878,877,,,
,879,877,,,
,880,877,,,
,881,877,,,
,882,877,,,
,883,877,,,
,884,877,,,
,885,885,,,
,886,885,,,
,887,885,,,
,888,885,,,
,889,885,,,
,890,885,,,
,891,885,,,
,892,892,,,
,893,892,,,
,894,892,,,
,895,892,,,
,896,892,,,
,897,892,,,
,898,892,,,
,899,892,,,
,900,892,,,
,901,892,,,
,902,892,,,
,903,892,,,
,904,892,,,
,905,905,,,
,906,905,,,
,907,905,,,
,908,905,,,
,909,905,,,
,910,905,,,
,911,905,,,
,912,905,,,
,913,905,,,
,914,905,,,
,915,905,,,
,916,905,,,
,917,905,,,
,918,905,,,
,919,905,,,
,920,905,,,
,921,905,,,
,922,905,,,
,923,905,,,
,924,905,,,
,925,925,,,
,926,925,,,
,927,925,,,
,928,925,,,
,929,925,,,
,930,925,,,
,931,925,,,
,932,925,,,
,933,925,,,
,934,925,,,
,935,925,,,
,936,925,,,
,937,925,,,
,938,925,,,
,939,925,,,
,940,940,,,
,941,940,,,
,942,940,,,
,943,940,,,
,944,940,,,
,945,940,,,
,946,940,,,
,947,940,,,
,948,940,,,
,949,940,,,
,950,950,,,
,951,950,,,
,952,950,,,
,953,950,,,
,954,950,,,
,955,950,,,
,956,950,,,
,957,950,,,
,958,950,,,
,959,950,,,
,960,950,,,
,961,950,,,
,962,950,,,
,963,950,,,
,964,964,,,
,965,964,,,
,966,964,,,
,967,964,,,
,968,964,,,
,969,964,,,
,970,964,,,
,971,964,,,
,972,964,,,
,973,973,,,
,974,973,,,
,975,973,,,
,976,973,,,
,977,973,,,
,978,973,,,
,979,973,,,
,980,973,,,
,981,973,,,
,982,973,,,
,983,973,,,
,984,984,,,
,985,984,,,
,986,984,,,
,987,984,,,
,988,988,,,
,989,988,,,
,990,988,,,
,991,988,,,
,992,988,,,
,993,988,,,
,994,988,,,
,995,988,,,
,996,988,,,
,997,988,,,
,998,988,,,
,999,988,,,
,1000,988,,,
,1001,988,,,
,1002,988,,,
,1003,988,,,
,1004,988,,,
,1005,988,,,
,1006,988,,,
,1007,988,,,
,1008,988,,,
,1009,988,,,
,1010,988,,,
,1011,988,,,
,1012,988,,,
,1013,988,,,
,1014,988,,,
,1015,988,,,
,1016,1016,,,
,1017,1016,,,
,1018,1016,,,
,1019,1016,,,
,1020,1016,,,
,1021,1016,,,
,1022,1016,,,
,1023,1016,,,
,1024,1016,,,
,1025,1025,,,
,1026,1025,,,
,1027,1025,,,
,1028,1025,,,
,1029,1025,,,
,1030,1025,,,
,1031,1031,,,
,1032,1031,,,
,1033,1031,,,
,1034,1031,,,
,1035,1031,,,
,1036,1031,,,
,1037,1031,,,
,1038,1031,,,
,1039,1031,,,
,1040,1040,,,
,1041,1040,,,
,1042,1040,,,
,1043,1040,,,
,1044,1040,,,
,1045,1040,,,
,1046,1040,,,
,1047,1040,,,
,1048,1040,,,
,1049,1040,,,
,1050,1040,,,
,1051,1051,,,
,1052,1051,,,
,1053,1051,,,
,1054,1051,,,
,1055,1051,,,
,1056,1051,,,
,1057,1051,,,
,1058,1051,,,
,1059,1051,,,
,1060,1051,,,
,1061,1051,,,
,1062,1051,,,
,1063,1051,,,
,1064,1051,,,
,1065,1051,,,
,1066,1051,,,
,1067,1051,,,
,1068,1051,,,
,1069,1051,,,
,1070,1051,,,
,1071,1051,,,
,1072,1051,,,
,1073,1051,,,
,1074,1051,,,
,1075,1075,,,
,1076,1075,,,
,1077,1075,,,
,1078,1075,,,
,1079,1075,,,
,1080,1075,,,
,1081,1075,,,
,1082,1075,,,
,1083,1075,,,
,1084,1075,,,
,1085,1075,,,
,1086,1075,,,
,1087,1087,,,
,1088,1087,,,
,1089,1087,,,
,1090,1087,,,
,1091,1087,,,
,1092,1087,,,
,1093,1087,,,
,1094,1087,,,
,1095,1087,,,
,1096,1087,,,
,1097,1097,,,
,1098,1097,,,
,1099,1097,,,
,1100,1097,,,
,1101,1097,,,
,1102,1097,,,
,1103,1097,,,
,1104,1097,,,
,1105,1097,,,
,1106,1097,,,
,1107,1097,,,
,1108,1097,,,
,1109,1097,,,
,1110,1097,,,
,1111,1097,,,
,1112,1097,,,
,1113,1097,,,
,1114,1097,,,
,1115,1097,,,
,1116,1116,,,
,1117,1116,,,
,1118,1116,,,
,1119,1116,,,
,1120,1116,,,
,1121,1116,,,
,1122,1116,,,
,1123,1116,,,
,1124,1116,,,
,1125,1116,,,
,1126,1116,,,
,1127,1116,,,
,1128,1116,,,
,1129,1116,,,
,1130,1116,,,
,1131,1116,,,
,1132,1116,,,
,1133,1116,,,
,1134,1116,,,
,1135,1116,,,
,1136,1116,,,
,1137,1116,,,
,1138,1116,,,
,1139,1116,,,
,1140,1116,,,
,1141,1116,,,
,1142,1116,,,
,1143,1143,,,
,1144,1143,,,
,1145,1143,,,
,1146,1143,,,
,1147,1143,,,
,1148,1143,,,
,1149,1149,,,
,1150,1150,,,
,1151,1150,,,
,1152,1150,,,
,1153,1150,,,
,1154,1150,,,
,1155,1150,,,
,1156,1150,,,
,1157,1150,,,
,1158,1150,,,
,1159,1150,,,
,1160,1150,,,
,1161,1150,,,
,1162,1150,,,
,1163,1150,,,
,1164,1150,,,
,1165,1150,,,
,1166,1150,,,
,1167,1150,,,
,1168,1150,,,
,1169,1169,,,
,1170,1169,,,
,1171,1169,,,
,1172,1169,,,
,1173,1169,,,
,1174,1169,,,
,1175,1169,,,
,1176,1176,,,
,1177,1176,,,
,1178,1176,,,
,1179,1176,,,
,1180,1176,,,
,1181,1176,,,
,1182,1176,,,
,1183,1176,,,
,1184,1176,,,
,1185,1176,,,
,1186,1176,,,
,1187,1176,,,
,1188,1176,,,
,1189,1176,,,
,1190,1176,,,
,1191,1176,,,
,1192,1176,,,
,1193,1176,,,
,1194,1176,,,
,1195,1176,,,
,1196,1176,,,
,1197,1176,,,
,1198,1198,,,
,1199,1198,,,
,1200,1198,,,
,1201,1198,,,
,1202,1198,,,
,1203,1198,,,
,1204,1198,,,
,1205,1198,,,
,1206,1198,,,
,1207,1198,,,
,1208,1198,,,
,1209,1198,,,
,1210,1198,,,
,1211,1211,,,
,1212,1211,,,
,1213,1211,,,
,1214,1211,,,
,1215,1211,,,
,1216,1211,,,
,1217,1211,,,
,1218,1211,,,
,1219,1211,,,
,1220,1211,,,
,1221,1211,,,
,1222,1211,,,
,1223,1211,,,
,1224,1224,,,
,1225,1224,,,
,1226,1224,,,
,1227,1224,,,
,1228,1224,,,
,1229,1224,,,
,1230,1224,,,
,1231,1231,,,
,1232,1231,,,
,1233,1231,,,
,1234,1231,,,
,1235,1231,,,
,1236,1231,,,
,1237,1231,,,
,1238,1231,,,
,1239,1231,,,
,1240,1231,,,
,1241,1231,,,
,1242,1231,,,
,1243,1231,,,
,1244,1244,,,
,1245,1244,,,
,1246,1244,,,
,1247,1244,,,
,1248,1244,,,
,1249,1244,,,
,1250,1244,,,
,1251,1244,,,
,1252,1244,,,
,1253,1244,,,
,1254,1244,,,
,1255,1244,,,
,1256,1244,,,
,1257,1244,,,
,1258,1244,,,
,1259,1244,,,
,1260,1244,,,
,1261,1244,,,
,1262,1244,,,
,1263,1244,,,
,1264,1244,,,
,1265,1244,,,
,1266,1244,,,
,1267,1244,,,
,1268,1244,,,
,1269,1244,,,
,1270,1244,,,
,1271,1244,,,
,1272,1244,,,
,1273,1244,,,
,1274,1244,,,
,1275,1244,,,
,1276,1244,,,
,1277,1277,,,
,1278,1277,,,
,1279,1277,,,
,1280,1277,,,
,1281,1277,,,
,1282,1277,,,
,1283,1277,,,
,1284,1277,,,
,1285,1277,,,
,1286,1277,,,
,1287,1277,,,
,1288,1277,,,
,1289,1277,,,
,1290,1277,,,
,1291,1277,,,
,1292,1277,,,
,1293,1277,,,
,1294,1277,,,
,1295,1277,,,
,1296,1277,,,
,1297,1277,,,
,1298,1277,,,
,1299,1277,,,
,1300,1277,,,
,1301,1277,,,
,1302,1277,,,
,1303,1277,,,
,1304,1277,,,
,1305,1277,,,
,1306,1277,,,
,1307,1277,,,
,1308,1277,,,
,1309,1277,,,
,1310,1277,,,
,1311,1277,,,
,1312,1277,,,
,1313,1277,,,
,1314,1314,,,
,1315,1314,,,
,1316,1314,,,
,1317,1314,,,
,1318,1314,,,
,1319,1314,,,
,1320,1314,,,
,1321,1314,,,
,1322,1314,,,
,1323,1314,,,
,1324,1314,,,
,1325,1314,,,
,1326,1314,,,
,1327,1314,,,
,1328,1314,,,
,1329,1314,,,
,1330,1314,,,
,1331,1314,,,
,1332,1314,,,
,1333,1314,,,
,1334,1314,,,
,1335,1314,,,
,1336,1314,,,
,1337,1314,,,
,1338,1338,,,
,1339,1338,,,
,1340,1338,,,
,1341,1338,,,
,1342,1338,,,
,1343,1338,,,
,1344,1338,,,
,1345,1338,,,
,1346,1338,,,
,1347,1338,,,
,1348,1338,,,
,1349,1338,,,
,1350,1338,,,
,1351,1338,,,
,1352,1338,,,
,1353,1338,,,
,1354,1338,,,
,1355,1338,,,
,1356,1338,,,
,1357,1338,,,
,1358,1338,,,
,1359,1359,,,
,1360,1359,,,
,1361,1359,,,
,1362,1359,,,
,1363,1359,,,
,1364,1359,,,
,1365,1359,,,
,1366,1359,,,
,1367,1359,,,
,1368,1359,,,
,1369,1359,,,
,1370,1359,,,
,1371,1359,,,
,1372,1372,,,
,1373,1372,,,
,1374,1372,,,
,1375,1372,,,
,1376,1372,,,
,1377,1372,,,
,1378,1372,,,
,1379,1379,,,
,1380,1379,,,
,1381,1379,,,
,1382,1379,,,
,1383,1379,,,
,1384,1379,,,
,1385,1379,,,
,1386,1379,,,
,1387,1379,,,
,1388,1379,,,
,1389,1379,,,
,1390,1379,,,
,1391,1379,,,
,1392,1379,,,
,1393,1379,,,
,1394,1379,,,
,1395,1379,,,
,1396,1379,,,
,1397,1379,,,
,1398,1379,,,
,1399,1379,,,
,1400,1379,,,
,1401,1379,,,
,1402,1379,,,
,1403,1379,,,
,1404,1379,,,
,1405,1379,,,
,1406,1379,,,
,1407,1407,,,
,1408,1407,,,
,1409,1407,,,
,1410,1407,,,
,1411,1407,,,
,1412,1407,,,
,1413,1407,,,
,1414,1407,,,
,1415,1407,,,
,1416,1416,,,
,1417,1416,,,
,1418,1416,,,
,1419,1416,,,
,1420,1416,,,
,1421,1416,,,
,1422,1416,,,
,1423,1416,,,
,1424,1416,,,
,1425,1416,,,
,1426,1416,,,
,1427,1416,,,
,1428,1416,,,
,1429,1416,,,
,1430,1416,,,
,1431,1416,,,
,1432,1432,,,
,1433,1432,,,
,1434,1432,,,
,1435,1432,,,
,1436,1432,,,
,1437,1432,,,
,1438,1432,,,
,1439,1439,,,
,1440,1439,,,
,1441,1439,,,
,1442,1439,,,
,1443,1439,,,
,1444,1439,,,
,1445,1439,,,
,1446,1439,,,
,1447,1439,,,
,1448,1439,,,
,1449,1439,,,
,1450,1450,,,
,1451,1450,,,
,1452,1450,,,
,1453,1450,,,
,1454,1450,,,
,1455,1450,,,
,1456,1450,,,
,1457,1450,,,
,1458,1450,,,
,1459,1450,,,
,1460,1450,,,
,1461,1450,,,
,1462,1450,,,
,1463,1450,,,
,1464,1464,,,
,1465,1464,,,
,1466,1464,,,
,1467,1464,,,
,1468,1464,,,
,1469,1464,,,
,1470,1464,,,
,1471,1464,,,
,1472,1464,,,
,1473,1464,,,
,1474,1464,,,
,1475,1464,,,
,1476,1464,,,
,1477,1464,,,
,1478,1464,,,
,1479,1464,,,
,1480,1464,,,
,1481,1464,,,
,1482,1482,,,
,1483,1482,,,
,1484,1482,,,
,1485,1482,,,
,1486,1482,,,
,1487,1482,,,
,1488,1482,,,
,1489,1489,,,
,1490,1489,,,
,1491,1489,,,
,1492,1489,,,
,1493,1489,,,
,1494,1489,,,
,1495,1489,,,
,1496,1489,,,
,1497,1489,,,
,1498,1489,,,
,1499,1489,,,
,1500,1489,,,
,1501,1489,,,
,1502,1489,,,
,1503,1489,,,
,1504,1489,,,
,1505,1489,,,
,1506,1506,,,
,1507,1506,,,
,1508,1506,,,
,1509,1506,,,
,1510,1506,,,
,1511,1506,,,
,1512,1506,,,
,1513,1513,,,
,1514,1513,,,
,1515,1513,,,
,1516,1513,,,
,1517,1513,,,
,1518,1513,,,
,1519,1513,,,
,1520,1513,,,
,1521,1513,,,
,1522,1513,,,
,1523,1513,,,
,1524,1513,,,
,1525,1513,,,
,1526,1513,,,
,1527,1513,,,
,1528,1513,,,
,1529,1513,,,
,1530,1513,,,
,1531,1513,,,
,1532,1513,,,
,1533,1513,,,
,1534,1513,,,
,1535,1513,,,
,1536,1536,,,
,1537,1536,,,
,1538,1536,,,
,1539,1536,,,
,1540,1536,,,
,1541,1536,,,
,1542,1536,,,
,1543,1536,,,
,1544,1536,,,
,1545,1536,,,
,1546,1536,,,
,1547,1536,,,
,1548,1536,,,
,1549,1536,,,
,1550,1536,,,
,1551,1536,,,
,1552,1536,,,
,1553,1536,,,
,1554,1536,,,
,1555,1536,,,
,1556,1536,,,
,1557,1536,,,
,1558,1536,,,
,1559,1536,,,
,1560,1536,,,
,1561,1536,,,
,1562,1562,,,
,1563,1562,,,
,1564,1562,,,
,1565,1562,,,
,1566,1562,,,
,1567,1562,,,
,1568,1562,,,
,1569,1562,,,
,1570,1562,,,
,1571,1562,,,
,1572,1562,,,
,1573,1562,,,
,1574,1562,,,
,1575,1562,,,
,1576,1576,,,
,1577,1576,,,
,1578,1576,,,
,1579,1576,,,
,1580,1576,,,
,1581,1576,,,
,1582,1576,,,
,1583,1583,,,
,1584,1584,,,
,1585,1584,,,
,1586,1584,,,
,1587,1584,,,
,1588,1584,,,
,1589,1584,,,
,1590,1584,,,
,1591,1584,,,
,1592,1584,,,
,1593,1584,,,
,1594,1594,,,
,1595,1594,,,
,1596,1594,,,
,1597,1594,,,
,1598,1594,,,
,1599,1594,,,
,1600,1594,,,
,1601,1594,,,
,1602,1594,,,
,1603,1594,,,
,1604,1594,,,
,1605,1594,,,
,1606,1594,,,
,1607,1594,,,
,1608,1594,,,
,1609,1594,,,
,1610,1594,,,
,1611,1594,,,
,1612,1594,,,
,1613,1594,,,
,1614,1594,,,
,1615,1594,,,
,1616,1594,,,
,1617,1594,,,
,1618,1594,,,
,1619,1594,,,
,1620,1594,,,
,1621,1594,,,
,1622,1594,,,
,1623,1594,,,
,1624,1594,,,
,1625,1594,,,
,1626,1626,,,
,1627,1626,,,
,1628,1626,,,
,1629,1626,,,
,1630,1626,,,
,1631,1626,,,
,1632,1626,,,
,1633,1626,,,
,1634,1626,,,
,1635,1626,,,
,1636,1626,,,
,1637,1626,,,
,1638,1626,,,
,1639,1626,,,
,1640,1626,,,
,1641,1641,,,
,1642,1641,,,
,1643,1641,,,
,1644,1641,,,
,1645,1641,,,
,1646,1641,,,
,1647,1641,,,
,1648,1641,,,
,1649,1641,,,
,1650,1641,,,
,1651,1641,,,
,1652,1641,,,
,1653,1641,,,
,1654,1641,,,
,1655,1641,,,
,1656,1656,,,
,1657,1656,,,
,1658,1656,,,
,1659,1656,,,
,1660,1656,,,
,1661,1656,,,
,1662,1656,,,
,1663,1656,,,
,1664,1656,,,
,1665,1665,,,
,1666,1665,,,
,1667,1665,,,
,1668,1665,,,
,1669,1665,,,
,1670,1665,,,
,1671,1665,,,
,1672,1665,,,
,1673,1665,,,
,1674,1665,,,
,1675,1665,,,
,1676,1665,,,
,1677,1665,,,
,1678,1665,,,
,1679,1665,,,
,1680,1680,,,
,1681,1680,,,
,1682,1680,,,
,1683,1680,,,
,1684,1680,,,
,1685,1680,,,
,1686,1680,,,
,1687,1680,,,
,1688,1680,,,
,1689,1680,,,
,1690,1680,,,
,1691,1680,,,
,1692,1680,,,
,1693,1680,,,
,1694,1694,,,
,1695,1694,,,
,1696,1694,,,
,1697,1694,,,
,1698,1694,,,
,1699,1694,,,
,1700,1694,,,
,1701,1694,,,
,1702,1694,,,
,1703,1703,,,
,1704,1703,,,
,1705,1703,,,
,1706,1703,,,
,1707,1703,,,
,1708,1703,,,
,1709,1703,,,
,1710,1710,,,
,1711,1710,,,
,1712,1710,,,
,1713,1710,,,
,1714,1710,,,
,1715,1710,,,
,1716,1710,,,
,1717,1710,,,
,1718,1710,,,
,1719,1710,,,
,1720,1710,,,
,1721,1710,,,
,1722,1710,,,
,1723,1710,,,
,1724,1710,,,
,1725,1710,,,
,1726,1710,,,
,1727,1710,,,
,1728,1710,,,
,1729,1710,,,
,1730,1710,,,
,1731,1710,,,
,1732,1710,,,
,1733,1710,,,
,1734,1710,,,
,1735,1710,,,
,1736,1736,,,
,1737,1736,,,
,1738,1736,,,
,1739,1736,,,
,1740,1736,,,
,1741,1736,,,
,1742,1736,,,
,1743,1743,,,
,1744,1743,,,
,1745,1743,,,
,1746,1743,,,
,1747,1743,,,
,1748,1743,,,
,1749,1743,,,
,1750,1743,,,
,1751,1743,,,
,1752,1743,,,
,1753,1743,,,
,1754,1754,,,
,1755,1754,,,
,1756,1754,,,
,1757,1754,,,
,1758,1754,,,
,1759,1754,,,
,1760,1754,,,
,1761,1754,,,
,1762,1754,,,
,1763,1754,,,
,1764,1754,,,
,1765,1754,,,
,1766,1754,,,
,1767,1754,,,
,1768,1768,,,
,1769,1769,,,
,1770,1769,,,
,1771,1769,,,
,1772,1769,,,
,1773,1769,,,
,1774,1769,,,
,1775,1769,,,
,1776,1769,,,
,1777,1769,,,
,1778,1769,,,
,1779,1769,,,
,1780,1769,,,
,1781,1769,,,
,1782,1769,,,
,1783,1769,,,
,1784,1769,,,
,1785,1769,,,
,1786,1769,,,
,1787,1769,,,
,1788,1769,,,
,1789,1769,,,
,1790,1769,,,
,1791,1769,,,
,1792,1769,,,
,1793,1769,,,
,1794,1769,,,
,1795,1769,,,
,1796,1769,,,
,1797,1797,,,
,1798,1797,,,
,1799,1797,,,
,1800,1797,,,
,1801,1797,,,
,1802,1797,,,
,1803,1797,,,
,1804,1804,,,
,1805,1804,,,
,1806,1804,,,
,1807,1804,,,
,1808,1804,,,
,1809,1804,,,
,1810,1804,,,
,1811,1804,,,
,1812,1804,,,
,1813,1804,,,
,1814,1804,,,
,1815,1804,,,
,1816,1804,,,
,1817,1817,,,
,1818,1817,,,
,1819,1817,,,
,1820,1817,,,
,1821,1817,,,
,1822,1817,,,
,1823,1817,,,
,1824,1817,,,
,1825,1817,,,
,1826,1817,,,
,1827,1817,,,
,1828,1817,,,
,1829,1817,,,
,1830,1817,,,
,1831,1817,,,
,1832,1817,,,
,1833,1833,,,
,1834,1833,,,
,1835,1833,,,
,1836,1833,,,
,1837,1833,,,
,1838,1833,,,
,1839,1833,,,
,1840,1833,,,
,1841,1833,,,
,1842,1833,,,
,1843,1833,,,
,1844,1833,,,
,1845,1845,,,
,1846,1845,,,
,1847,1845,,,
,1848,1845,,,
,1849,1845,,,
,1850,1845,,,
,1851,1845,,,
,1852,1845,,,
,1853,1845,,,
,1854,1845,,,
,1855,1845,,,
,1856,1845,,,
,1857,1845,,,
,1858,1845,,,
,1859,1845,,,
,1860,1860,,,
,1861,1860,,,
,1862,1860,,,
,1863,1860,,,
,1864,1860,,,
,1865,1860,,,
,1866,1860,,,
,1867,1860,,,
,1868,1860,,,
,1869,1860,,,
,1870,1870,,,
,1871,1870,,,
,1872,1870,,,
,1873,1870,,,
,1874,1870,,,
,1875,1870,,,
,1876,1870,,,
,1877,1870,,,
,1878,1870,,,
,1879,1870,,,
,1880,1880,,,
,1881,1880,,,
,1882,1880,,,
,1883,1880,,,
,1884,1880,,,
,1885,1880,,,
,1886,1886,,,
,1887,1886,,,
,1888,1886,,,
,1889,1886,,,
,1890,1886,,,
,1891,1886,,,
,1892,1886,,,
,1893,1886,,,
,1894,1894,,,
,1895,1894,,,
,1896,1894,,,
,1897,1894,,,
,1898,1894,,,
,1899,1894,,,
,1900,1894,,,
,1901,1901,,,
,1902,1901,,,
,1903,1901,,,
,1904,1901,,,
,1905,1901,,,
,1906,1901,,,
,1907,1901,,,
,1908,1901,,,
,1909,1901,,,
,1910,1901,,,
,1911,1901,,,
,1912,1901,,,
,1913,1901,,,
,1914,1901,,,
,1915,1901,,,
,1916,1901,,,
,1917,1917,,,
,1918,1917,,,
,1919,1917,,,
,1920,1917,,,
,1921,1917,,,
,1922,1917,,,
,1923,1917,,,
,1924,1917,,,
,1925,1917,,,
,1926,1917,,,
,1927,1917,,,
,1928,1917,,,
,1929,1917,,,
,1930,1917,,,
,1931,1917,,,
,1932,1917,,,
,1933,1917,,,
,1934,1917,,,
,1935,1917,,,
,1936,1917,,,
,1937,1917,,,
,1938,1917,,,
,1939,1917,,,
,1940,1917,,,
,1941,1941,,,
,1942,1941,,,
,1943,1941,,,
,1944,1941,,,
,1945,1941,,,
,1946,1941,,,
,1947,1941,,,
,1948,1941,,,
,1949,1941,,,
,1950,1941,,,
,1951,1941,,,
,1952,1941,,,
,1953,1941,,,
,1954,1941,,,
,1955,1941,,,
,1956,1956,,,
,1957,1956,,,
,1958,1956,,,
,1959,1956,,,
,1960,1956,,,
,1961,1956,,,
,1962,1956,,,
,1963,1956,,,
,1964,1956,,,
,1965,1965,,,
,1966,1965,,,
,1967,1965,,,
,1968,1965,,,
,1969,1965,,,
,1970,1965,,,
,1971,1965,,,
,1972,1965,,,
,1973,1965,,,
,1974,1965,,,
,1975,1965,,,
,1976,1965,,,
,1977,1965,,,
,1978,1965,,,
,1979,1965,,,
,1980,1965,,,
,1981,1965,,,
,1982,1965,,,
,1983,1965,,,
,1984,1965,,,
,1985,1965,,,
,1986,1965,,,
,1987,1987,,,
,1988,1987,,,
,1989,1987,,,
,1990,1987,,,
,1991,1987,,,
,1992,1987,,,
,1993,1987,,,
,1994,1987,,,
,1995,1987,,,
,1996,1987,,,
,1997,1997,,,
,1998,1997,,,
,1999,1997,,,
,2000,1997,,,
,2001,1997,,,
,2002,1997,,,
,2003,1997,,,
,2004,1997,,,
,2005,2005,,,
,2006,2005,,,
,2007,2005,,,
,2008,2005,,,
,2009,2005,,,
,2010,2005,,,
,2011,2005,,,
,2012,2012,,,
,2013,2012,,,
,2014,2012,,,
,2015,2012,,,
,2016,2012,,,
,2017,2012,,,
,2018,2012,,,
,2019,2012,,,
,2020,2012,,,
,2021,2021,,,
,2022,2021,,,
,2023,2021,,,
,2024,2021,,,
,2025,2021,,,
,2026,2021,,,
,2027,2021,,,
,2028,2021,,,
,2029,2021,,,
,2030,2021,,,
,2031,2021,,,
,2032,2021,,,
,2033,2021,,,
,2034,2021,,,
,2035,2021,,,
,2036,2021,,,
,2037,2021,,,
,2038,2021,,,
,2039,2021,,,
,2040,2021,,,
,2041,2021,,,
,2042,2042,,,
,2043,2042,,,
,2044,2042,,,
,2045,2042,,,
,2046,2042,,,
,2047,2042,,,
,2048,2042,,,
,2049,2042,,,
,2050,2042,,,
,2051,2042,,,
,2052,2042,,,
,2053,2042,,,
,2054,2042,,,
,2055,2042,,,
,2056,2056,,,
,2057,2056,,,
,2058,2056,,,
,2059,2056,,,
,2060,2056,,,
,2061,2056,,,
,2062,2056,,,
,2063,2056,,,
,2064,2056,,,
,2065,2056,,,
,2066,2056,,,
,2067,2056,,,
,2068,2056,,,
,2069,2056,,,
,2070,2056,,,
,2071,2056,,,
,2072,2072,,,
,2073,2072,,,
,2074,2072,,,
,2075,2072,,,
,2076,2072,,,
,2077,2072,,,
,2078,2072,,,
,2079,2072,,,
,2080,2072,,,
,2081,2072,,,
,2082,2072,,,
,2083,2072,,,
,2084,2084,,,
,2085,2084,,,
,2086,2084,,,
,2087,2084,,,
,2088,2084,,,
,2089,2084,,,
,2090,2084,,,
,2091,2084,,,
,2092,2084,,,
,2093,2084,,,
,2094,2084,,,
,2095,2084,,,
,2096,2084,,,
,2097,2084,,,
,2098,2084,,,
,2099,2084,,,
,2100,2084,,,
,2101,2084,,,
,2102,2084,,,
,2103,2084,,,
,2104,2084,,,
,2105,2084,,,
,2106,2084,,,
,2107,2107,,,
,2108,2107,,,
,2109,2107,,,
,2110,2107,,,
,2111,2107,,,
,2112,2107,,,
,2113,2107,,,
,2114,2107,,,
,2115,2107,,,
,2116,2107,,,
,2117,2107,,,
,2118,2107,,,
,2119,2107,,,
,2120,2120,,,
,2121,2120,,,
,2122,2120,,,
,2123,2120,,,
,2124,2120,,,
,2125,2120,,,
,2126,2120,,,
,2127,2120,,,
,2128,2120,,,
,2129,2129,,,
,2130,2129,,,
,2131,2129,,,
,2132,2129,,,
,2133,2129,,,
,2134,2129,,,
,2135,2129,,,
,2136,2129,,,
,2137,2129,,,
,2138,2129,,,
,2139,2129,,,
,2140,2129,,,
,2141,2129,,,
,2142,2129,,,
,2143,2143,,,
,2144,2143,,,
,2145,2143,,,
,2146,2143,,,
,2147,2143,,,
,2148,2143,,,
,2149,2143,,,
,2150,2143,,,
,2151,2143,,,
,2152,2143,,,
,2153,2143,,,
,2154,2143,,,
,2155,2143,,,
,2156,2143,,,
,2157,2143,,,
,2158,2143,,,
,2159,2143,,,
,2160,2160,,,
,2161,2160,,,
,2162,2160,,,
,2163,2160,,,
,2164,2160,,,
,2165,2160,,,
,2166,2160,,,
,2167,2167,,,
,2168,2167,,,
,2169,2167,,,
,2170,2167,,,
,2171,2167,,,
,2172,2167,,,
,2173,2167,,,
,2174,2167,,,
,2175,2167,,,
,2176,2167,,,
,2177,2167,,,
,2178,2167,,,
,2179,2167,,,
,2180,2167,,,
,2181,2167,,,
,2182,2167,,,
,2183,2167,,,
,2184,2167,,,
,2185,2167,,,
,2186,2167,,,
,2187,2167,,,
,2188,2188,,,
,2189,2188,,,
,2190,2188,,,
,2191,2188,,,
,2192,2188,,,
,2193,2188,,,
,2194,2188,,,
,2195,2188,,,
,2196,2188,,,
,2197,2188,,,
,2198,2188,,,
,2199,2188,,,
,2200,2200,,,
,2201,2200,,,
,2202,2200,,,
,2203,2200,,,
,2204,2200,,,
,2205,2200,,,
,2206,2206,,,
,2207,2206,,,
,2208,2206,,,
,2209,2206,,,
,2210,2206,,,
,2211,2211,,,
,2212,2211,,,
,2213,2211,,,
,2214,2211,,,
,2215,2211,,,
,2216,2211,,,
,2217,2211,,,
,2218,2211,,,
,2219,2211,,,
,2220,2211,,,
,2221,2211,,,
,2222,2211,,,
,2223,2211,,,
,2224,2211,,,
,2225,2211,,,
,2226,2211,,,
,2227,2211,,,
,2228,2211,,,
,2229,2211,,,
,2230,2211,,,
,2231,2211,,,
,2232,2211,,,
,2233,2211,,,
,2234,2211,,,
,2235,2211,,,
,2236,2211,,,
,2237,2211,,,
,2238,2211,,,
,2239,2211,,,
,2240,2211,,,
,2241,2211,,,
,2242,2211,,,
,2243,2211,,,
,2244,2211,,,
,2245,2245,,,
,2246,2245,,,
,2247,2245,,,
,2248,2245,,,
,2249,2245,,,
,2250,2245,,,
,2251,2251,,,
,2252,2251,,,
,2253,2251,,,
,2254,2251,,,
,2255,2251,,,
,2256,2251,,,
,2257,2251,,,
,2258,2251,,,
,2259,2251,,,
,2260,2251,,,
,2261,2251,,,
,2262,2251,,,
,2263,2263,,,
,2264,2263,,,
,2265,2263,,,
,2266,2263,,,
,2267,2263,,,
,2268,2263,,,
,2269,2263,,,
,2270,2263,,,
,2271,2263,,,
,2272,2263,,,
,2273,2263,,,
,2274,2263,,,
,2275,2263,,,
,2276,2263,,,
,2277,2263,,,
,2278,2263,,,
,2279,2263,,,
,2280,2263,,,
,2281,2263,,,
,2282,2263,,,
,2283,2263,,,
,2284,2263,,,
,2285,2263,,,
,2286,2263,,,
,2287,2263,,,
,2288,2263,,,
,2289,2263,,,
,2290,2263,,,
,2291,2263,,,
,2292,2263,,,
,2293,2293,,,
,2294,2293,,,
,2295,2293,,,
,2296,2293,,,
,2297,2297,,,
,2298,2298,,,
,2299,2298,,,
,2300,2298,,,
,2301,2298,,,
,2302,2298,,,
,2303,2298,,,
,2304,2298,,,
,2305,2298,,,
,2306,2298,,,
,2307,2298,,,
,2308,2298,,,
,2309,2298,,,
,2310,2298,,,
,2311,2311,,,
,2312,2311,,,
,2313,2311,,,
,2314,2311,,,
,2315,2311,,,
,2316,2311,,,
,2317,2311,,,
,2318,2311,,,
,2319,2311,,,
,2320,2311,,,
,2321,2311,,,
,2322,2311,,,
,2323,2311,,,
,2324,2311,,,
,2325,2311,,,
,2326,2311,,,
,2327,2311,,,
,2328,2311,,,
,2329,2311,,,
,2330,2311,,,
,2331,2311,,,
,2332,2311,,,
,2333,2311,,,
,2334,2311,,,
,2335,2311,,,
,2336,2311,,,
,2337,2311,,,
,2338,2311,,,
,2339,2311,,,
,2340,2311,,,
,2341,2311,,,
,2342,2311,,,
,2343,2311,,,
,2344,2311,,,
,2345,2311,,,
,2346,2311,,,
,2347,2311,,,
,2348,2311,,,
,2349,2311,,,
,2350,2311,,,
,2351,2311,,,
,2352,2311,,,
,2353,2311,,,
,2354,2311,,,
,2355,2355,,,
,2356,2355,,,
,2357,2355,,,
,2358,2355,,,
,2359,2355,,,
,2360,2355,,,
,2361,2355,,,
,2362,2355,,,
,2363,2355,,,
,2364,2364,,,
,2365,2364,,,
,2366,2364,,,
,2367,2364,,,
,2368,2364,,,
,2369,2364,,,
,2370,2364,,,
,2371,2364,,,
,2372,2364,,,
,2373,2364,,,
,2374,2364,,,
,2375,2364,,,
,2376,2364,,,
,2377,2364,,,
,2378,2364,,,
,2379,2364,,,
,2380,2364,,,
,2381,2364,,,
,2382,2364,,,
,2383,2364,,,
,2384,2364,,,
,2385,2385,,,
,2386,2385,,,
,2387,2385,,,
,2388,2385,,,
,2389,2385,,,
,2390,2390,,,
,2391,2390,,,
,2392,2390,,,
,2393,2393,,,
,2394,2393,,,
,2395,2393,,,
,2396,2393,,,
,2397,2393,,,
,2398,2393,,,
,2399,2393,,,
,2400,2393,,,
,2401,2393,,,
,2402,2393,,,
,2403,2393,,,
,2404,2393,,,
,2405,2393,,,
,2406,2393,,,
,2407,2393,,,
,2408,2393,,,
,2409,2393,,,
,2410,2393,,,
,2411,2393,,,
,2412,2393,,,
,2413,2393,,,
,2414,2393,,,
,2415,2415,,,
,2416,2415,,,
,2417,2415,,,
,2418,2415,,,
,2419,2415,,,
,2420,2415,,,
,2421,2415,,,
,2422,2415,,,
,2423,2415,,,
,2424,2415,,,
,2425,2415,,,
,2426,2415,,,
,2427,2415,,,
,2428,2415,,,
,2429,2415,,,
,2430,2430,,,
,2431,2430,,,
,2432,2430,,,
,2433,2430,,,
,2434,2430,,,
,2435,2430,,,
,2436,2430,,,
,2437,2430,,,
,2438,2430,,,
,2439,2430,,,
,2440,2430,,,
,2441,2430,,,
,2442,2430,,,
,2443,2430,,,
,2444,2444,,,
,2445,2444,,,
,2446,2444,,,
,2447,2444,,,
,2448,2444,,,
,2449,2444,,,
,2450,2444,,,
,2451,2444,,,
,2452,2444,,,
,2453,2444,,,
,2454,2444,,,
,2455,2444,,,
,2456,2444,,,
,2457,2444,,,
,2458,2444,,,
,2459,2444,,,
,2460,2444,,,
,2461,2444,,,
,2462,2444,,,
,2463,2444,,,
,2464,2444,,,
,2465,2444,,,
,2466,2444,,,
,2467,2467,,,
,2468,2467,,,
,2469,2467,,,
,2470,2467,,,
,2471,2467,,,
,2472,2467,,,
,2473,2467,,,
,2474,2474,,,
,2475,2474,,,
,2476,2474,,,
,2477,2474,,,
,2478,2474,,,
,2479,2474,,,
,2480,2474,,,
,2481,2474,,,
,2482,2474,,,
,2483,2474,,,
,2484,2474,,,
,2485,2474,,,
,2486,2474,,,
,2487,2487,,,
,2488,2487,,,
,2489,2487,,,
,2490,2487,,,
,2491,2487,,,
,2492,2487,,,
,2493,2487,,,
,2494,2487,,,
,2495,2487,,,
,2496,2487,,,
,2497,2487,,,
,2498,2487,,,
,2499,2487,,,
,2500,2500,,,
,2501,2500,,,
,2502,2500,,,
,2503,2500,,,
,2504,2500,,,
,2505,2500,,,
,2506,2500,,,
,2507,2500,,,
,2508,2500,,,
,2509,2500,,,
,2510,2510,,,
,2511,2510,,,
,2512,2510,,,
,2513,2510,,,
,2514,2510,,,
,2515,2510,,,
,2516,2510,,,
,2517,2510,,,
,2518,2510,,,
,2519,2510,,,
,2520,2520,,,
,2521,2520,,,
,2522,2520,,,
,2523,2520,,,
,2524,2520,,,
,2525,2520,,,
,2526,2520,,,
,2527,2520,,,
,2528,2520,,,
,2529,2520,,,
,2530,2520,,,
,2531,2520,,,
,2532,2520,,,
,2533,2533,,,
,2534,2533,,,
,2535,2533,,,
,2536,2533,,,
,2537,2533,,,
,2538,2533,,,
,2539,2533,,,
,2540,2540,,,
,2541,2540,,,
,2542,2540,,,
,2543,2540,,,
,2544,2540,,,
,2545,2545,,,
,2546,2545,,,
,2547,2545,,,
,2548,2545,,,
,2549,2545,,,
,2550,2545,,,
,2551,2545,,,
,2552,2545,,,
,2553,2545,,,
,2554,2545,,,
,2555,2545,,,
,2556,2545,,,
,2557,2545,,,
,2558,2545,,,
,2559,2559,,,
,2560,2559,,,
,2561,2559,,,
,2562,2559,,,
,2563,2559,,,
,2564,2559,,,
,2565,2559,,,
,2566,2559,,,
,2567,2559,,,
,2568,2559,,,
,2569,2559,,,
,2570,2559,,,
,2571,2571,,,
,2572,2571,,,
,2573,2571,,,
,2574,2571,,,
,2575,2571,,,
,2576,2571,,,
,2577,2571,,,
,2578,2571,,,
,2579,2571,,,
,2580,2571,,,
,2581,2571,,,
,2582,2571,,,
,2583,2571,,,
,2584,2571,,,
,2585,2571,,,
,2586,2571,,,
,2587,2571,,,
,2588,2571,,,
,2589,2571,,,
,2590,2571,,,
,2591,2571,,,
,2592,2571,,,
,2593,2571,,,
,2594,2594,,,
,2595,2594,,,
,2596,2594,,,
,2597,2594,,,
,2598,2594,,,
,2599,2594,,,
,2600,2594,,,
,2601,2601,,,
,2602,2601,,,
,2603,2601,,,
,2604,2601,,,
,2605,2601,,,
,2606,2601,,,
,2607,2601,,,
,2608,2601,,,
,2609,2601,,,
,2610,2610,,,
,2611,2610,,,
,2612,2610,,,
,2613,2610,,,
,2614,2610,,,
,2615,2610,,,
,2616,2610,,,
,2617,2610,,,
,2618,2610,,,
,2619,2610,,,
,2620,2610,,,
,2621,2610,,,
,2622,2610,,,
,2623,2610,,,
,2624,2610,,,
,2625,2610,,,
,2626,2610,,,
,2627,2610,,,
,2628,2628,,,
,2629,2628,,,
,2630,2628,,,
,2631,2628,,,
,2632,2628,,,
,2633,2628,,,
,2634,2628,,,
,2635,2628,,,
,2636,2628,,,
,2637,2628,,,
,2638,2638,,,
,2639,2638,,,
,2640,2638,,,
,2641,2638,,,
,2642,2638,,,
,2643,2638,,,
,2644,2644,,,
,2645,2644,,,
,2646,2644,,,
,2647,2644,,,
,2648,2644,,,
,2649,2644,,,
,2650,2644,,,
,2651,2644,,,
,2652,2644,,,
,2653,2644,,,
,2654,2644,,,
,2655,2644,,,
,2656,2644,,,
,2657,2644,,,
,2658,2658,,,
,2659,2658,,,
,2660,2658,,,
,2661,2658,,,
,2662,2658,,,
,2663,2658,,,
,2664,2658,,,
,2665,2658,,,
,2666,2658,,,
,2667,2658,,,
,2668,2668,,,
,2669,2668,,,
,2670,2668,,,
,2671,2668,,,
,2672,2668,,,
,2673,2668,,,
,2674,2668,,,
,2675,2668,,,
,2676,2668,,,
,2677,2668,,,
,2678,2668,,,
,2679,2668,,,
,2680,2668,,,
,2681,2668,,,
,2682,2668,,,
,2683,2668,,,
,2684,2668,,,
,2685,2685,,,
,2686,2685,,,
,2687,2685,,,
,2688,2685,,,
,2689,2689,,,
,2690,2689,,,
,2691,2689,,,
,2692,2689,,,
,2693,2689,,,
,2694,2689,,,
,2695,2695,,,
,2696,2695,,,
,2697,2695,,,
,2698,2695,,,
,2699,2695,,,
,2700,2695,,,
,2701,2695,,,
,2702,2695,,,
,2703,2695,,,
,2704,2695,,,
,2705,2695,,,
,2706,2695,,,
,2707,2695,,,
,2708,2695,,,
,2709,2695,,,
,2710,2695,,,
,2711,2695,,,
,2712,2695,,,
,2713,2695,,,
,2714,2695,,,
,2715,2695,,,
,2716,2695,,,
,2717,2695,,,
,2718,2695,,,
,2719,2695,,,
,2720,2695,,,
,2721,2721,,,
,2722,2721,,,
,2723,2721,,,
,2724,2721,,,
,2725,2721,,,
,2726,2721,,,
,2727,2721,,,
,2728,2728,,,
,2729,2728,,,
,2730,2728,,,
,2731,2728,,,
,2732,2728,,,
,2733,2728,,,
,2734,2728,,,
,2735,2728,,,
,2736,2728,,,
,2737,2728,,,
,2738,2728,,,
,2739,2739,,,
,2740,2739,,,
,2741,2739,,,
,2742,2739,,,
,2743,2739,,,
,2744,2739,,,
,2745,2739,,,
,2746,2739,,,
,2747,2739,,,
,2748,2739,,,
,2749,2739,,,
,2750,2739,,,
,2751,2739,,,
,2752,2739,,,
,2753,2739,,,
,2754,2739,,,
,2755,2755,,,
,2756,2755,,,
,2757,2755,,,
,2758,2755,,,
,2759,2755,,,
,2760,2755,,,
,2761,2755,,,
,2762,2755,,,
,2763,2755,,,
,2764,2755,,,
,2765,2755,,,
,2766,2755,,,
,2767,2755,,,
,2768,2755,,,
,2769,2769,,,
,2770,2769,,,
,2771,2769,,,
,2772,2769,,,
,2773,2769,,,
,2774,2769,,,
,2775,2769,,,
,2776,2769,,,
,2777,2769,,,
,2778,2769,,,
,2779,2769,,,
,2780,2769,,,
,2781,2769,,,
,2782,2769,,,
,2783,2769,,,
,2784,2769,,,
,2785,2769,,,
,2786,2769,,,
,2787,2769,,,
,2788,2769,,,
,2789,2769,,,
,2790,2769,,,
,2791,2769,,,
,2792,2792,,,
,2793,2792,,,
,2794,2792,,,
,2795,2792,,,
,2796,2792,,,
,2797,2792,,,
,2798,2792,,,
,2799,2792,,,
,2800,2792,,,
,2801,2801,,,
,2802,2801,,,
,2803,2801,,,
,2804,2801,,,
,2805,2801,,,
,2806,2801,,,
,2807,2801,,,
,2808,2808,,,
,2809,2808,,,
,2810,2808,,,
,2811,2808,,,
,2812,2808,,,
,2813,2808,,,
,2814,2814,,,
,2815,2814,,,
,2816,2814,,,
,2817,2814,,,
,2818,2814,,,
,2819,2814,,,
,2820,2814,,,
,2821,2821,,,
,2822,2821,,,
,2823,2821,,,
,2824,2821,,,
,2825,2821,,,
,2826,2821,,,
,2827,2821,,,
,2828,2821,,,
,2829,2829,,,
,2830,2829,,,
,2831,2829,,,
,2832,2829,,,
,2833,2829,,,
,2834,2829,,,
,2835,2829,,,
,2836,2836,,,
,2837,2836,,,
,2838,2836,,,
,2839,2836,,,
,2840,2836,,,
,2841,2836,,,
,2842,2836,,,
,2843,2836,,,
,2844,2836,,,
,2845,2836,,,
,2846,2836,,,
,2847,2847,,,
,2848,2847,,,
,2849,2847,,,
,2850,2847,,,
,2851,2847,,,
,2852,2847,,,
,2853,2847,,,
,2854,2847,,,
,2855,2847,,,
,2856,2847,,,
,2857,2857,,,
,2858,2857,,,
,2859,2857,,,
,2860,2857,,,
,2861,2857,,,
,2862,2857,,,
,2863,2857,,,
,2864,2857,,,
,2865,2865,,,
,2866,2865,,,
,2867,2865,,,
,2868,2865,,,
,2869,2865,,,
,2870,2865,,,
,2871,2865,,,
,2872,2872,,,
,2873,2872,,,
,2874,2872,,,
,2875,2872,,,
,2876,2872,,,
,2877,2872,,,
,2878,2872,,,
,2879,2872,,,
,2880,2880,,,
,2881,2880,,,
,2882,2880,,,
,2883,2880,,,
,2884,2880,,,
,2885,2880,,,
,2886,2880,,,
,2887,2880,,,
,2888,2880,,,
,2889,2880,,,
,2890,2880,,,
,2891,2880,,,
,2892,2880,,,
,2893,2880,,,
,2894,2880,,,
,2895,2880,,,
,2896,2880,,,
,2897,2880,,,
,2898,2880,,,
,2899,2880,,,
,2900,2900,,,
,2901,2900,,,
,2902,2900,,,
,2903,2900,,,
,2904,2900,,,
,2905,2900,,,
,2906,2900,,,
,2907,2900,,,
,2908,2900,,,
,2909,2900,,,
,2910,2900,,,
,2911,2900,,,
,2912,2900,,,
,2913,2900,,,
,2914,2900,,,
,2915,2900,,,
,2916,2900,,,
,2917,2900,,,
,2918,2900,,,
,2919,2900,,,
,2920,2920,,,
,2921,2921,,,
,2922,2921,,,
,2923,2921,,,
,2924,2921,,,
,2925,2921,,,
,2926,2921,,,
,2927,2921,,,
,2928,2921,,,
,2929,2921,,,
,2930,2921,,,
,2931,2921,,,
,2932,2921,,,
,2933,2921,,,
,2934,2921,,,
,2935,2921,,,
,2936,2936,,,
,2937,2936,,,
,2938,2936,,,
,2939,2936,,,
,2940,2936,,,
,2941,2936,,,
,2942,2936,,,
,2943,2936,,,
,2944,2936,,,
,2945,2936,,,
,2946,2936,,,
,2947,2936,,,
,2948,2936,,,
,2949,2936,,,
,2950,2936,,,
,2951,2936,,,
,2952,2936,,,
,2953,2936,,,
,2954,2936,,,
,2955,2936,,,
,2956,2936,,,
,2957,2936,,,
,2958,2936,,,
,2959,2936,,,
,2960,2936,,,
,2961,2936,,,
,2962,2936,,,
,2963,2936,,,
,2964,2936,,,
,2965,2936,,,
,2966,2936,,,
,2967,2936,,,
,2968,2936,,,
,2969,2936,,,
,2970,2936,,,
,2971,2971,,,
,2972,2971,,,
,2973,2971,,,
,2974,2971,,,
,2975,2971,,,
,2976,2971,,,
,2977,2971,,,
,2978,2971,,,
,2979,2971,,,
,2980,2971,,,
,2981,2971,,,
,2982,2971,,,
,2983,2971,,,
,2984,2984,,,
,2985,2984,,,
,2986,2984,,,
,2987,2984,,,
,2988,2984,,,
,2989,2984,,,
,2990,2984,,,
,2991,2984,,,
,2992,2984,,,
,2993,2984,,,
,2994,2984,,,
,2995,2984,,,
,2996,2984,,,
,2997,2984,,,
,2998,2984,,,
,2999,2984,,,
,3000,2984,,,
,3001,2984,,,
,3002,2984,,,
,3003,2984,,,
,3004,2984,,,
,3005,2984,,,
,3006,2984,,,
,3007,2984,,,
,3008,2984,,,
,3009,2984,,,
,3010,2984,,,
,3011,2984,,,
,3012,2984,,,
,3013,2984,,,
,3014,2984,,,
,3015,2984,,,
,3016,2984,,,
,3017,2984,,,
,3018,2984,,,
,3019,3019,,,
,3020,3019,,,
,3021,3019,,,
,3022,3019,,,
,3023,3019,,,
,3024,3019,,,
,3025,3019,,,
,3026,3019,,,
,3027,3019,,,
,3028,3019,,,
,3029,3019,,,
,3030,3019,,,
,3031,3019,,,
,3032,3019,,,
,3033,3033,,,
,3034,3033,,,
,3035,3033,,,
,3036,3033,,,
,3037,3033,,,
,3038,3033,,,
,3039,3033,,,
,3040,3033,,,
,3041,3033,,,
,3042,3033,,,
,3043,3033,,,
,3044,3033,,,
,3045,3033,,,
,3046,3033,,,
,3047,3047,,,
,3048,3047,,,
,3049,3047,,,
,3050,3047,,,
,3051,3047,,,
,3052,3047,,,
,3053,3047,,,
,3054,3047,,,
,3055,3047,,,
,3056,3047,,,
,3057,3047,,,
,3058,3047,,,
,3059,3047,,,
,3060,3047,,,
,3061,3047,,,
,3062,3047,,,
,3063,3047,,,
,3064,3064,,,
,3065,3064,,,
,3066,3064,,,
,3067,3064,,,
,3068,3064,,,
,3069,3064,,,
